-- MySQL dump 10.13  Distrib 5.5.49, for debian-linux-gnu (x86_64)
--
-- Host: 0.0.0.0    Database: c9
-- ------------------------------------------------------
-- Server version	5.5.49-0ubuntu0.14.04.1

/*!40101 SET @OLD_CHARACTER_SET_CLIENT=@@CHARACTER_SET_CLIENT */;
/*!40101 SET @OLD_CHARACTER_SET_RESULTS=@@CHARACTER_SET_RESULTS */;
/*!40101 SET @OLD_COLLATION_CONNECTION=@@COLLATION_CONNECTION */;
/*!40101 SET NAMES utf8 */;
/*!40103 SET @OLD_TIME_ZONE=@@TIME_ZONE */;
/*!40103 SET TIME_ZONE='+00:00' */;
/*!40014 SET @OLD_UNIQUE_CHECKS=@@UNIQUE_CHECKS, UNIQUE_CHECKS=0 */;
/*!40014 SET @OLD_FOREIGN_KEY_CHECKS=@@FOREIGN_KEY_CHECKS, FOREIGN_KEY_CHECKS=0 */;
/*!40101 SET @OLD_SQL_MODE=@@SQL_MODE, SQL_MODE='NO_AUTO_VALUE_ON_ZERO' */;
/*!40111 SET @OLD_SQL_NOTES=@@SQL_NOTES, SQL_NOTES=0 */;

--
-- Table structure for table `dailydifs`
--

DROP TABLE IF EXISTS `dailydifs`;
/*!40101 SET @saved_cs_client     = @@character_set_client */;
/*!40101 SET character_set_client = utf8 */;
CREATE TABLE `dailydifs` (
  `id` int(11) NOT NULL AUTO_INCREMENT,
  `player_id` int(11) DEFAULT NULL,
  `tgamesplayed` int(11) DEFAULT NULL,
  `twins` int(11) DEFAULT NULL,
  `tloss` int(11) DEFAULT NULL,
  `tdamage` int(11) DEFAULT NULL,
  `thealing` int(11) DEFAULT NULL,
  `winpercent` decimal(16,2) DEFAULT NULL,
  `tfinalblows` decimal(16,2) DEFAULT NULL,
  `tdeaths` decimal(16,2) DEFAULT NULL,
  `tmedals` decimal(16,2) DEFAULT NULL,
  `teliminations` decimal(16,2) DEFAULT NULL,
  `created_at` datetime NOT NULL,
  `updated_at` datetime NOT NULL,
  PRIMARY KEY (`id`)
) ENGINE=InnoDB AUTO_INCREMENT=8 DEFAULT CHARSET=utf8;
/*!40101 SET character_set_client = @saved_cs_client */;

--
-- Dumping data for table `dailydifs`
--

LOCK TABLES `dailydifs` WRITE;
/*!40000 ALTER TABLE `dailydifs` DISABLE KEYS */;
INSERT INTO `dailydifs` VALUES (1,1,407,208,199,6027,1152,51.11,8.62,5.19,2.77,15.41,'2016-06-29 13:45:48','2016-06-29 13:45:48'),(2,2,286,136,132,5309,374,47.55,6.88,5.69,2.14,12.58,'2016-06-29 13:45:50','2016-06-29 13:45:50'),(3,3,231,112,119,5162,301,48.48,7.66,7.06,2.42,13.01,'2016-06-29 13:45:59','2016-06-29 13:45:59'),(4,4,247,127,120,4902,1305,51.42,6.08,6.57,2.67,11.68,'2016-06-29 13:46:08','2016-06-29 13:46:08'),(5,5,220,110,110,5574,742,50.00,6.74,6.56,2.84,13.64,'2016-06-29 13:46:11','2016-06-29 13:46:11'),(6,6,433,234,199,5453,661,54.04,9.49,5.72,3.27,15.40,'2016-06-29 13:46:15','2016-06-29 13:46:15'),(7,7,332,177,155,2764,2359,53.31,3.33,6.00,2.19,8.81,'2016-06-29 13:46:18','2016-06-29 13:46:18');
/*!40000 ALTER TABLE `dailydifs` ENABLE KEYS */;
UNLOCK TABLES;

--
-- Table structure for table `dailystats`
--

DROP TABLE IF EXISTS `dailystats`;
/*!40101 SET @saved_cs_client     = @@character_set_client */;
/*!40101 SET character_set_client = utf8 */;
CREATE TABLE `dailystats` (
  `id` int(11) NOT NULL AUTO_INCREMENT,
  `player_id` int(11) DEFAULT NULL,
  `gamesplayed` int(11) DEFAULT NULL,
  `win` int(11) DEFAULT NULL,
  `loss` int(11) DEFAULT NULL,
  `winpercent` decimal(16,2) DEFAULT NULL,
  `finalblows` decimal(16,2) DEFAULT NULL,
  `deaths` decimal(16,2) DEFAULT NULL,
  `medals` decimal(16,2) DEFAULT NULL,
  `eliminations` decimal(16,2) DEFAULT NULL,
  `damage` int(11) DEFAULT NULL,
  `healing` int(11) DEFAULT NULL,
  `statdate` date DEFAULT NULL,
  `created_at` datetime NOT NULL,
  `updated_at` datetime NOT NULL,
  PRIMARY KEY (`id`)
) ENGINE=InnoDB AUTO_INCREMENT=57 DEFAULT CHARSET=utf8;
/*!40101 SET character_set_client = @saved_cs_client */;

--
-- Dumping data for table `dailystats`
--

LOCK TABLES `dailystats` WRITE;
/*!40000 ALTER TABLE `dailystats` DISABLE KEYS */;
INSERT INTO `dailystats` VALUES (1,1,117,60,57,51.30,1093.00,687.00,314.00,1692.00,685737,96614,'2016-05-31','2016-06-23 17:37:41','2016-06-23 17:37:41'),(2,2,99,60,57,51.30,628.00,670.00,221.00,1224.00,474705,80308,'2016-05-31','2016-06-23 17:54:06','2016-06-23 17:54:06'),(3,3,174,89,85,51.10,1268.00,1206.00,463.00,2057.00,834330,56835,'2016-05-31','2016-06-23 17:54:06','2016-06-23 17:54:06'),(4,4,60,30,30,50.00,302.00,441.00,142.00,595.00,226860,69213,'2016-05-31','2016-06-23 17:54:06','2016-06-23 17:54:06'),(5,5,144,72,72,50.00,976.00,986.00,387.00,1855.00,704736,81135,'2016-05-31','2016-06-23 17:54:06','2016-06-23 17:54:06'),(6,6,0,0,0,0.00,0.00,0.00,0.00,0.00,0,0,'2016-05-31','2016-06-23 17:54:06','2016-06-23 17:54:06'),(7,7,45,22,23,48.90,151.00,319.00,100.00,396.00,131940,52525,'2016-05-31','2016-06-23 17:54:08','2016-06-23 17:54:08'),(8,1,403,202,201,50.12,3521.00,2150.00,1104.00,5983.00,2373346,465954,'2016-06-22','2016-06-23 17:55:36','2016-06-23 17:55:36'),(9,2,347,175,172,50.43,2346.00,2099.00,762.00,4356.00,1767004,173325,'2016-06-22','2016-06-23 17:55:39','2016-06-23 17:55:39'),(10,3,368,184,184,50.00,2776.00,2552.00,942.00,4595.00,1832740,112246,'2016-06-22','2016-06-23 17:55:42','2016-06-23 17:55:42'),(11,4,279,142,137,50.90,1602.00,1890.00,721.00,3140.00,1274857,347755,'2016-06-22','2016-06-23 17:55:44','2016-06-23 17:55:44'),(12,5,360,181,179,50.28,2449.00,2412.00,1004.00,4829.00,1918979,236388,'2016-06-22','2016-06-23 17:55:48','2016-06-23 17:55:48'),(13,6,335,180,155,53.73,3096.00,1907.00,1064.00,4966.00,1762913,182591,'2016-06-22','2016-06-23 17:55:52','2016-06-23 17:55:52'),(14,7,282,144,138,51.06,941.00,1744.00,627.00,2452.00,774729,584230,'2016-06-22','2016-06-23 17:55:55','2016-06-23 17:55:55'),(15,1,428,215,213,50.23,3695.00,2265.00,1173.00,6303.00,2497043,493436,'2016-06-23','2016-06-24 21:15:52','2016-06-24 21:15:52'),(16,2,374,189,185,50.53,2500.00,2228.00,809.00,4653.00,1916588,184583,'2016-06-23','2016-06-24 21:15:54','2016-06-24 21:15:54'),(17,3,390,193,197,49.49,2917.00,2716.00,987.00,4858.00,1948679,120301,'2016-06-23','2016-06-24 21:15:56','2016-06-24 21:15:56'),(18,4,292,147,145,50.34,1684.00,1962.00,761.00,3280.00,1352480,358080,'2016-06-23','2016-06-24 21:15:59','2016-06-24 21:15:59'),(19,5,360,181,179,50.28,2449.00,2412.00,1004.00,4829.00,1918979,236388,'2016-06-23','2016-06-24 21:16:01','2016-06-24 21:16:01'),(20,6,374,199,175,53.21,3475.00,2107.00,1206.00,5546.00,1983177,205310,'2016-06-23','2016-06-24 21:16:03','2016-06-24 21:16:03'),(21,7,311,159,152,51.13,1028.00,1909.00,700.00,2729.00,861068,646119,'2016-06-23','2016-06-24 21:16:04','2016-06-24 21:16:04'),(22,1,450,229,221,50.89,3912.00,2403.00,1243.00,6717.00,2653728,522824,'2016-06-24','2016-06-25 18:07:57','2016-06-25 18:07:57'),(23,2,374,189,185,50.53,2500.00,2228.00,809.00,4653.00,1916588,184583,'2016-06-24','2016-06-25 18:07:59','2016-06-25 18:07:59'),(24,3,390,193,197,49.49,2917.00,2716.00,987.00,4858.00,1948679,120301,'2016-06-24','2016-06-25 18:08:01','2016-06-25 18:08:01'),(25,4,298,151,147,50.67,1736.00,1996.00,779.00,3363.00,1388832,364585,'2016-06-24','2016-06-25 18:08:03','2016-06-25 18:08:03'),(26,5,360,181,179,50.28,2449.00,2412.00,1004.00,4829.00,1918979,236388,'2016-06-24','2016-06-25 18:08:05','2016-06-25 18:08:05'),(27,6,382,204,178,53.40,3602.00,2167.00,1237.00,5762.00,2048754,219919,'2016-06-24','2016-06-25 18:08:06','2016-06-25 18:08:06'),(28,7,325,168,157,51.69,1079.00,1993.00,730.00,2886.00,904626,676205,'2016-06-24','2016-06-25 18:08:08','2016-06-25 18:08:08'),(29,1,475,240,235,50.53,4087.00,2523.00,1303.00,7078.00,2799233,532372,'2016-06-25','2016-06-26 13:03:55','2016-06-26 13:03:55'),(30,2,374,189,185,50.53,2500.00,2228.00,809.00,4653.00,1916588,184583,'2016-06-25','2016-06-26 13:03:56','2016-06-26 13:03:56'),(31,3,390,193,197,49.49,2917.00,2716.00,987.00,4858.00,1948679,120301,'2016-06-25','2016-06-26 13:03:58','2016-06-26 13:03:58'),(32,4,306,156,150,50.98,1790.00,2053.00,798.00,3461.00,1430328,387636,'2016-06-25','2016-06-26 13:04:00','2016-06-26 13:04:00'),(33,5,360,181,179,50.28,2449.00,2412.00,1004.00,4829.00,1918979,236388,'2016-06-25','2016-06-26 13:04:02','2016-06-26 13:04:02'),(34,6,399,213,186,53.38,3759.00,2263.00,1294.00,6038.00,2152175,252043,'2016-06-25','2016-06-26 13:04:03','2016-06-26 13:04:03'),(35,7,344,179,165,52.03,1146.00,2101.00,774.00,3056.00,967693,732883,'2016-06-25','2016-06-26 13:04:05','2016-06-26 13:04:05'),(36,1,495,250,245,50.51,4312.00,2643.00,1355.00,7452.00,2949911,554744,'2016-06-26','2016-06-27 12:19:59','2016-06-27 12:19:59'),(37,2,380,194,186,51.05,2558.00,2272.00,817.00,4753.00,1960460,185902,'2016-06-26','2016-06-27 12:20:01','2016-06-27 12:20:01'),(38,3,403,199,204,49.38,3028.00,2824.00,1021.00,5052.00,2023037,126574,'2016-06-26','2016-06-27 12:20:03','2016-06-27 12:20:03'),(39,4,307,157,150,51.14,1803.00,2064.00,801.00,3480.00,1437769,391754,'2016-06-26','2016-06-27 12:20:04','2016-06-27 12:20:04'),(40,5,360,181,179,50.28,2449.00,2412.00,1004.00,4829.00,1918979,236388,'2016-06-26','2016-06-27 12:20:06','2016-06-27 12:20:06'),(41,6,399,213,186,53.38,3759.00,2263.00,1294.00,6038.00,2152175,252043,'2016-06-26','2016-06-27 12:20:08','2016-06-27 12:20:08'),(42,7,351,185,166,52.71,1159.00,2156.00,784.00,3087.00,977402,772017,'2016-06-26','2016-06-27 12:20:09','2016-06-27 12:20:09'),(43,1,495,250,245,50.51,4312.00,2643.00,1355.00,7452.00,2949911,554744,'2016-06-27','2016-06-28 12:20:25','2016-06-28 12:20:25'),(44,2,385,196,189,50.91,2595.00,2297.00,832.00,4821.00,1993209,187442,'2016-06-27','2016-06-28 12:20:27','2016-06-28 12:20:27'),(45,3,405,201,204,49.63,3037.00,2837.00,1023.00,5062.00,2026804,126574,'2016-06-27','2016-06-28 12:20:28','2016-06-28 12:20:28'),(46,4,307,157,150,51.14,1803.00,2064.00,801.00,3480.00,1437769,391754,'2016-06-27','2016-06-28 12:20:30','2016-06-28 12:20:30'),(47,5,364,182,182,50.00,2458.00,2430.00,1012.00,4855.00,1931038,244483,'2016-06-27','2016-06-28 12:20:32','2016-06-28 12:20:32'),(48,6,408,218,190,53.43,3851.00,2319.00,1322.00,6206.00,2206142,263300,'2016-06-27','2016-06-28 12:20:33','2016-06-28 12:20:33'),(49,7,357,190,167,53.22,1181.00,2195.00,793.00,3147.00,993686,793875,'2016-06-27','2016-06-28 12:20:35','2016-06-28 12:20:35'),(50,1,524,268,256,51.15,4602.00,2799.00,1440.00,7962.00,3139121,565561,'2016-06-28','2016-06-29 12:15:05','2016-06-29 12:15:05'),(51,2,385,196,189,50.91,2595.00,2297.00,832.00,4821.00,1993209,187442,'2016-06-28','2016-06-29 12:15:07','2016-06-29 12:15:07'),(52,3,405,201,204,49.63,3037.00,2837.00,1023.00,5062.00,2026804,126574,'2016-06-28','2016-06-29 12:15:09','2016-06-29 12:15:09'),(53,4,307,157,150,51.14,1803.00,2064.00,801.00,3480.00,1437769,391754,'2016-06-28','2016-06-29 12:15:11','2016-06-29 12:15:11'),(54,5,364,182,182,50.00,2458.00,2430.00,1012.00,4855.00,1931038,244483,'2016-06-28','2016-06-29 12:15:13','2016-06-29 12:15:13'),(55,6,433,234,199,54.04,4108.00,2478.00,1415.00,6668.00,2361450,286577,'2016-06-28','2016-06-29 12:15:14','2016-06-29 12:15:14'),(56,7,377,199,178,52.79,1255.00,2311.00,828.00,3321.00,1049853,836033,'2016-06-28','2016-06-29 12:15:16','2016-06-29 12:15:16');
/*!40000 ALTER TABLE `dailystats` ENABLE KEYS */;
UNLOCK TABLES;

--
-- Table structure for table `players`
--

DROP TABLE IF EXISTS `players`;
/*!40101 SET @saved_cs_client     = @@character_set_client */;
/*!40101 SET character_set_client = utf8 */;
CREATE TABLE `players` (
  `id` int(11) NOT NULL AUTO_INCREMENT,
  `battlenet` varchar(255) DEFAULT NULL,
  `created_at` datetime NOT NULL,
  `updated_at` datetime NOT NULL,
  `avatar` varchar(255) DEFAULT NULL,
  PRIMARY KEY (`id`)
) ENGINE=InnoDB AUTO_INCREMENT=8 DEFAULT CHARSET=utf8;
/*!40101 SET character_set_client = @saved_cs_client */;

--
-- Dumping data for table `players`
--

LOCK TABLES `players` WRITE;
/*!40000 ALTER TABLE `players` DISABLE KEYS */;
INSERT INTO `players` VALUES (1,'Riva-11618','0000-00-00 00:00:00','2016-06-29 14:25:54','https://blzgdapipro-a.akamaihd.net/game/unlocks/0x025000000000030C.png'),(2,'Rexigar-1245','0000-00-00 00:00:00','2016-06-29 14:25:55','https://blzgdapipro-a.akamaihd.net/game/unlocks/0x025000000000030B.png'),(3,'BadKitty-1177','0000-00-00 00:00:00','2016-06-16 19:21:43','https://d1u1mce87gyfbn.cloudfront.net/game/unlocks/0x02500000000008E8.png'),(4,'GruffNStuff-1629','0000-00-00 00:00:00','2016-06-29 14:25:57','https://blzgdapipro-a.akamaihd.net/game/unlocks/0x0250000000000657.png'),(5,'Skye-1696','0000-00-00 00:00:00','2016-06-29 14:25:58','https://blzgdapipro-a.akamaihd.net/game/unlocks/0x02500000000004F4.png'),(6,'Jikard-1545','0000-00-00 00:00:00','2016-06-16 19:21:44','https://d1u1mce87gyfbn.cloudfront.net/game/unlocks/0x0250000000000743.png'),(7,'Titurius-1368','0000-00-00 00:00:00','2016-06-29 14:26:00','https://blzgdapipro-a.akamaihd.net/game/unlocks/0x02500000000008C2.png');
/*!40000 ALTER TABLE `players` ENABLE KEYS */;
UNLOCK TABLES;

--
-- Table structure for table `schema_migrations`
--

DROP TABLE IF EXISTS `schema_migrations`;
/*!40101 SET @saved_cs_client     = @@character_set_client */;
/*!40101 SET character_set_client = utf8 */;
CREATE TABLE `schema_migrations` (
  `version` varchar(255) NOT NULL,
  UNIQUE KEY `unique_schema_migrations` (`version`)
) ENGINE=InnoDB DEFAULT CHARSET=utf8;
/*!40101 SET character_set_client = @saved_cs_client */;

--
-- Dumping data for table `schema_migrations`
--

LOCK TABLES `schema_migrations` WRITE;
/*!40000 ALTER TABLE `schema_migrations` DISABLE KEYS */;
INSERT INTO `schema_migrations` VALUES ('20160607133251'),('20160607133828'),('20160616183955'),('20160629035107');
/*!40000 ALTER TABLE `schema_migrations` ENABLE KEYS */;
UNLOCK TABLES;
/*!40103 SET TIME_ZONE=@OLD_TIME_ZONE */;

/*!40101 SET SQL_MODE=@OLD_SQL_MODE */;
/*!40014 SET FOREIGN_KEY_CHECKS=@OLD_FOREIGN_KEY_CHECKS */;
/*!40014 SET UNIQUE_CHECKS=@OLD_UNIQUE_CHECKS */;
/*!40101 SET CHARACTER_SET_CLIENT=@OLD_CHARACTER_SET_CLIENT */;
/*!40101 SET CHARACTER_SET_RESULTS=@OLD_CHARACTER_SET_RESULTS */;
/*!40101 SET COLLATION_CONNECTION=@OLD_COLLATION_CONNECTION */;
/*!40111 SET SQL_NOTES=@OLD_SQL_NOTES */;

-- Dump completed on 2016-06-29 14:52:48
